{
  "status": "OK",
  "results": [
    {
      "address_components": [
        {
          "lang_name": null,
          "short_name": "Madrid",
          "types": [
            "locality",
            "political"
          ]
        },
        {
          "lang_name": null,
          "short_name": "M",
          "types": [
            "administrative_area_level_2",
            "political"
          ]
        },
        {
          "lang_name": null,
          "short_name": "Community of Madrid",
          "types": [
            "administrative_area_level_1",
            "political"
          ]
        },
        {
          "lang_name": null,
          "short_name": "ES",
          "types": [
            "country",
            "political"
          ]
        }
      ],
      "formatted_address": "Madrid, Spain",
      "geometry": {
        "location": {
          "lat": 40.4167754,
          "lng": -3.7037902
        },
        "location_type": "APPROXIMATE",
        "viewport": {
          "northeast": {
            "lat": 40.5638447,
            "lng": -3.5249115
          },
          "southwest": {
            "lat": 40.3120639,
            "lng": -3.8341618
          }
        }
      },
      "place_id": "ChIJgTwKgJcpQg0RaSKMYcHeNsQ",
      "types": [
        "locality",
        "political"
      ]
    }
  ]
}